{"cameraMode":{"drawMode":0,"name":"Shaded","section":"Shading Mode"},"sceneLighting":false,"audioPlay":false,"sceneViewState":{"m_AlwaysRefresh":false,"showFog":true,"showSkybox":false,"showFlares":true,"showImageEffects":true,"showParticleSystems":true,"showVisualEffectGraphs":true,"m_FxEnabled":true},"in2DMode":false,"pivot":{"x":129.39999389648438,"y":1.3899998664855958,"z":-73.19999694824219},"rotation":{"x":-0.0575798898935318,"y":0.004802430979907513,"z":-0.00030062717269174755,"w":-0.9983623623847961},"size":1.2247447967529297,"orthographic":false}